elapsed_s,pid,uss,rss,pss,min_flt,maj_flt,oom,oomadj
3.8552539348602295,318897,500,424,502,269,2,666,0
3.8710081577301025,318897,3508,3336,3510,432,3,666,0
3.8871400356292725,318897,7592,7508,7610,688,3,666,0
3.9032950401306152,318897,12232,12256,12262,1004,4,666,0
3.919377088546753,318897,15548,15664,15650,1266,5,666,0
3.9358489513397217,318897,17924,17924,18014,1523,5,666,0
3.951483964920044,318897,19484,19576,19574,1694,5,666,0
3.967519998550415,318897,35992,37568,36232,3047,9,667,0
3.9856600761413574,318897,58616,59152,58890,5247,9,667,0
4.0033111572265625,318897,71448,71824,71722,7561,9,668,0
4.0218260288238525,318897,79836,80268,80110,8152,9,668,0
4.0395729541778564,318897,79924,80396,80198,8160,9,668,0
4.05840802192688,318897,80664,81036,80938,8361,9,668,0
4.075981140136719,318897,80784,81164,81058,8391,9,668,0
4.094900131225586,318897,70912,71344,71186,8391,9,668,0
4.113676071166992,318897,70912,71344,71186,8391,9,668,0
4.1327149868011475,318897,70984,71344,71258,8409,9,668,0
4.152511119842529,318897,71476,71856,71750,8532,9,668,0
4.171724081039429,318897,71476,71856,71750,8532,9,668,0
4.1911461353302,318897,71476,71856,71750,8532,9,668,0
4.21149206161499,318897,71476,71856,71750,8532,9,668,0
4.2314839363098145,318897,71476,71856,71750,8532,9,668,0
4.251543045043945,318897,71476,71856,71750,8532,9,668,0
4.271974086761475,318897,71476,71856,71750,8532,9,668,0
4.292799949645996,318897,71476,71856,71750,8532,9,668,0
4.314075946807861,318897,71476,71856,71750,8532,9,668,0
4.335072040557861,318897,71476,71856,71750,8532,9,668,0
4.356588125228882,318897,71476,71856,71750,8532,9,668,0
4.378896951675415,318897,71476,71856,71750,8532,9,668,0
4.400454044342041,318897,71476,71856,71750,8532,9,668,0
4.423041105270386,318897,73524,73956,73798,8533,9,668,0
4.445575952529907,318897,73524,73956,73798,8533,9,668,0
4.468189001083374,318897,73524,73956,73798,8533,9,668,0
4.491822004318237,318897,73524,73956,73798,8533,9,668,0
4.515350103378296,318897,73524,73956,73798,8533,9,668,0
4.539062976837158,318897,81308,81736,81582,8946,9,668,0
4.563611030578613,318897,79552,79980,79826,8947,9,668,0
4.5879740715026855,318897,81600,82032,81874,8948,9,668,0
4.613091945648193,318897,83648,84080,83922,8949,9,668,0
4.638134002685547,318897,83648,84080,83922,8949,9,668,0
4.663299083709717,318897,85696,86128,85970,8950,9,668,0
4.68872594833374,318897,85696,86128,85970,8950,9,668,0
4.715043067932129,318897,85696,86128,85970,8950,9,668,0
4.741229057312012,318897,85696,86128,85970,8950,9,668,0
4.767378091812134,318897,85696,86128,85970,8950,9,668,0
4.793745040893555,318897,85696,86128,85970,8950,9,668,0
4.82058310508728,318897,85696,86128,85970,8950,9,668,0
4.848220109939575,318897,85696,86128,85970,8950,9,668,0
4.876418113708496,318897,87744,88176,88018,8951,9,668,0
4.904529094696045,318897,87744,88176,88018,8951,9,668,0
4.9330761432647705,318897,87744,88176,88018,8951,9,668,0
4.9620139598846436,318897,87744,88176,88018,8951,9,668,0
4.991330146789551,318897,87744,88176,88018,8951,9,668,0
5.02128005027771,318897,89792,90224,90066,8952,9,668,0
5.050540924072266,318897,89792,90224,90066,8952,9,668,0
5.080379009246826,318897,89792,90224,90066,8952,9,668,0
5.109745025634766,318897,89792,90224,90066,8952,9,668,0
5.140964031219482,318897,89792,90224,90066,8952,9,668,0
5.17207407951355,318897,89792,90224,90066,8952,9,668,0
5.20454216003418,318897,89792,90224,90066,8952,9,668,0
5.236947059631348,318897,89792,90224,90066,8952,9,668,0
5.269773960113525,318897,89792,90224,90066,8952,9,668,0
5.303123950958252,318897,89792,90224,90066,8952,9,668,0
5.336595058441162,318897,91840,92272,92114,8953,9,668,0
5.370625972747803,318897,91840,92272,92114,8953,9,668,0
5.4047510623931885,318897,91840,92272,92114,8953,9,668,0
5.438995122909546,318897,91840,92272,92114,8953,9,668,0
5.474854946136475,318897,93888,94320,94162,8954,9,668,0
5.510295152664185,318897,93888,94320,94162,8954,9,668,0
5.546203136444092,318897,93888,94320,94162,8954,9,668,0
5.582695007324219,318897,93888,94320,94162,8954,9,668,0
5.6192240715026855,318897,93888,94320,94162,8954,9,668,0
5.656386137008667,318897,93888,94320,94162,8954,9,668,0
5.694260120391846,318897,93888,94320,94162,8954,9,668,0
5.732509136199951,318897,93888,94320,94162,8954,9,668,0
5.771600008010864,318897,95936,96368,96210,8955,9,668,0
5.810358047485352,318897,95936,96368,96210,8955,9,668,0
5.850006103515625,318897,95936,96368,96210,8955,9,668,0
5.890222072601318,318897,95936,96368,96210,8955,9,668,0
5.930616140365601,318897,97984,98416,98258,8956,9,668,0
5.971832036972046,318897,97984,98416,98258,8956,9,668,0
6.0132670402526855,318897,97984,98416,98258,8956,9,668,0
6.054916143417358,318897,97984,98416,98258,8956,9,668,0
6.097847938537598,318897,97984,98416,98258,8956,9,668,0
6.141322135925293,318897,97984,98416,98258,8956,9,668,0
6.1852641105651855,318897,97984,98416,98258,8956,9,668,0
6.22910213470459,318897,100032,100464,100306,8957,9,668,0
6.27400803565979,318897,100032,100464,100306,8957,9,668,0
6.3193199634552,318897,100032,100464,100306,8957,9,668,0
6.3650901317596436,318897,100032,100464,100306,8957,9,668,0
6.411731004714966,318897,100032,100464,100306,8957,9,668,0
6.458588123321533,318897,100032,100464,100306,8957,9,668,0
6.505993127822876,318897,100032,100464,100306,8957,9,668,0
6.554346084594727,318897,100032,100464,100306,8957,9,668,0
6.602712154388428,318897,100032,100464,100306,8957,9,668,0
6.652148008346558,318897,102080,102512,102354,8958,9,668,0
6.702150106430054,318897,102080,102512,102354,8958,9,668,0
6.753220081329346,318897,104128,104560,104402,8959,9,668,0
6.80450701713562,318897,104128,104560,104402,8959,9,668,0
6.856104135513306,318897,104128,104560,104402,8959,9,668,0
6.9090330600738525,318897,104128,104560,104402,8959,9,668,0
6.961919069290161,318897,104128,104560,104402,8959,9,668,0
7.016168117523193,318897,104128,104560,104402,8959,9,668,0
7.0688581466674805,318897,106176,106608,106450,8960,9,668,0
7.124592065811157,318897,106176,106608,106450,8960,9,668,0
7.1804070472717285,318897,106176,106608,106450,8960,9,668,0
7.236655950546265,318897,108224,108656,108498,8961,9,668,0
7.293523073196411,318897,112320,112752,112594,8963,9,668,0
7.351933002471924,318897,112320,112752,112594,8963,9,668,0
7.410737037658691,318897,112320,112752,112594,8963,9,668,0
7.469548940658569,318897,112320,112752,112594,8963,9,668,0
7.529159069061279,318897,112320,112752,112594,8963,9,668,0
7.5897040367126465,318897,112320,112752,112594,8963,9,668,0
7.6515820026397705,318897,114368,114800,114642,8964,9,668,0
7.714430093765259,318897,116416,116848,116690,8965,9,668,0
7.777753114700317,318897,116416,116848,116690,8965,9,668,0
7.842739105224609,318897,116416,116848,116690,8965,9,668,0
7.907707929611206,318897,116416,116848,116690,8965,9,668,0
7.973117113113403,318897,116416,116848,116690,8965,9,668,0
8.040287971496582,318897,118464,118896,118738,8966,9,668,0
8.107789993286133,318897,118464,118896,118738,8966,9,668,0
8.175585985183716,318897,120512,120944,120786,8967,9,668,0
8.243292093276978,318897,120512,120944,120786,8967,9,668,0
8.31303095817566,318897,120512,120944,120786,8967,9,668,0
8.377222061157227,318897,120512,120944,120786,8967,9,668,0
8.449146032333374,318897,120512,120944,120786,8967,9,668,0
8.522711992263794,318897,122560,122992,122834,8968,9,668,0
8.636065006256104,318897,124608,125040,124882,8969,9,668,0
8.751358032226562,318897,124608,125040,124882,8969,9,668,0
8.880857944488525,318897,124608,125040,124882,8969,9,668,0
9.120448112487793,318897,124608,125040,124882,8969,9,668,0
9.222856044769287,318897,126656,127088,126930,8970,9,668,0
9.335736989974976,318897,128704,129136,128978,8971,9,668,0
9.446047067642212,318897,128704,129136,128978,8971,9,668,0
9.545027017593384,318897,128704,129136,128978,8971,9,668,0
9.663402080535889,318897,128704,129136,128978,8971,9,668,0
9.798084020614624,318897,128704,129136,128978,8971,9,668,0
9.930964946746826,318897,130752,131184,131026,8972,9,669,0
10.017393112182617,318897,130752,131184,131026,8972,9,669,0
10.10485315322876,318897,130752,131184,131026,8972,9,669,0
10.193851947784424,318897,195500,195932,195774,9339,9,670,0
10.28525996208191,318897,216840,217272,217114,9350,9,670,0
10.37633204460144,318897,268040,268472,268314,9374,9,672,0
10.472206115722656,318897,317192,317624,317466,15907,9,672,0
10.568362951278687,318897,382728,383160,383002,16073,9,674,0
10.672994136810303,318897,403008,403440,403282,19100,9,674,0
10.77538013458252,318897,410720,411120,410994,20517,9,674,0
10.872599124908447,318897,419696,420120,419970,20717,9,674,0
10.971044063568115,318897,434144,434544,434418,23039,9,675,0
11.0697340965271,318897,448620,449052,448894,24618,9,675,0
11.170032978057861,318897,457048,457440,457322,24681,9,675,0
11.271013975143433,318897,459156,459588,459430,24696,9,676,0
11.374129056930542,318897,462276,462708,462550,24965,9,676,0
11.477895021438599,318897,464536,465008,464810,25564,9,676,0
11.585608005523682,318897,464596,465008,464870,25617,9,676,0
11.709716081619263,318897,453868,454512,454142,25691,9,675,0
11.825670003890991,318897,444840,445424,445114,25933,9,675,0
11.950374126434326,318897,439364,440176,439638,25949,9,675,0
12.099799156188965,318897,437116,438000,437390,25949,9,675,0
12.24375605583191,318897,429100,429936,429374,26364,9,675,0
12.384911060333252,318897,426476,427632,426750,27475,10,675,0
12.532652139663696,318897,426228,427376,426502,27510,10,675,0
12.551301956176758,318897,426312,427376,426586,27530,10,675,0
12.567019939422607,318897,426376,427504,426650,27547,10,675,0
12.582818031311035,318897,426400,427504,426674,27552,11,675,0
12.598598003387451,318897,426468,427504,426742,27569,11,675,0
12.615247011184692,318897,426372,427504,426646,27575,11,675,0
12.632576942443848,318897,426372,427504,426646,27575,11,675,0
12.64980411529541,318897,426428,427504,426702,27588,12,675,0
12.672209024429321,318897,426504,427632,426778,27607,12,675,0
12.687847137451172,318897,426628,427760,426902,27637,13,675,0
12.70336103439331,318897,426768,427888,427042,27652,14,675,0
12.718776941299438,318897,426864,428016,427138,27677,14,675,0
12.735440969467163,318897,426944,428016,427218,27715,14,675,0
12.751546144485474,318897,427232,428272,427506,27786,14,675,0
12.76722002029419,318897,427248,428400,427522,27791,14,675,0
12.783091068267822,318897,427272,428400,427546,27797,14,675,0
12.79925799369812,318897,427516,428656,427790,27841,14,675,0
12.815083026885986,318897,427844,428912,428118,27940,14,675,0
12.830418109893799,318897,427864,428912,428138,27945,14,675,0
12.845582008361816,318897,427872,428912,428146,27947,14,675,0
12.860841035842896,318897,427896,429040,428170,27953,14,675,0
12.876124143600464,318897,428084,429168,428358,27996,18,675,0
12.89420199394226,318897,428096,429168,428370,27999,18,675,0
12.909348964691162,318897,428100,429168,428374,28000,18,675,0
12.924530982971191,318897,428100,429168,428374,28000,18,675,0
12.939777135848999,318897,428100,429168,428374,28000,18,675,0
12.955147981643677,318897,428120,429168,428394,28004,18,675,0
12.97029709815979,318897,428132,429168,428406,28008,18,675,0
12.985567092895508,318897,428784,429808,429058,28171,18,675,0
13.000849962234497,318897,429072,430192,429346,28243,18,675,0
13.016369104385376,318897,429276,430320,429550,28290,18,675,0
13.031576156616211,318897,429284,430320,429558,28296,18,675,0
13.046793937683105,318897,429312,430448,429586,28303,18,675,0
13.062248945236206,318897,429336,430448,429610,28309,18,675,0
13.07762098312378,318897,429340,430448,429614,28309,19,675,0
13.094511032104492,318897,429344,430448,429618,28310,19,675,0
13.110444068908691,318897,429388,430448,429662,28321,19,675,0
13.126446962356567,318897,429428,430576,429702,28331,19,675,0
13.14281415939331,318897,429664,430704,429938,28388,21,675,0
13.158124923706055,318897,429688,430832,429962,28394,21,675,0
13.173694133758545,318897,429720,430832,429994,28402,21,675,0
13.192727088928223,318897,432560,433644,432834,28601,21,675,0
13.211879014968872,318897,432592,433644,432866,28609,21,675,0
13.227174997329712,318897,432592,433644,432866,28609,21,675,0
13.242285013198853,318897,438744,439892,439018,28614,21,675,0
13.257601976394653,318897,438744,439892,439018,28614,21,675,0
13.272675037384033,318897,438744,439892,439018,28614,21,675,0
13.288103103637695,318897,438744,439892,439018,28614,21,675,0
13.303246974945068,318897,438744,439892,439018,28614,21,675,0
13.319172143936157,318897,438744,439892,439018,28614,21,675,0
13.338348150253296,318897,438744,439892,439018,28614,21,675,0
13.355080127716064,318897,438744,439892,439018,28614,21,675,0
13.37099313735962,318897,438792,439892,439066,28624,21,675,0
13.387434005737305,318897,438824,439892,439098,28634,21,675,0
13.407599925994873,318897,438824,439892,439098,28634,21,675,0
13.42523193359375,318897,438856,439892,439130,28642,21,675,0
13.441599130630493,318897,438904,440020,439178,28654,21,675,0
13.457653045654297,318897,438952,440020,439226,28666,21,675,0
13.472912073135376,318897,381692,382792,381966,28675,33,674,0
13.488600969314575,318897,381740,382792,382014,28687,33,674,0
13.504475116729736,318897,381772,382920,382046,28695,33,674,0
13.51968502998352,318897,381820,382920,382094,28707,33,674,0
13.536479949951172,318897,381884,382920,382158,28723,33,674,0
13.55185604095459,318897,381932,383048,382206,28735,33,674,0
13.567167043685913,318897,381980,383048,382254,28747,33,674,0
13.582322120666504,318897,381996,383048,382270,28751,33,674,0
13.597382068634033,318897,382060,383176,382334,28767,33,674,0
13.612543106079102,318897,382076,383176,382350,28771,33,674,0
13.628019094467163,318897,382076,383176,382350,28771,33,674,0
13.643368005752563,318897,382108,383176,382382,28779,33,674,0
13.658684968948364,318897,384172,385320,384446,28784,33,674,0
13.673912048339844,318897,384172,385320,384446,28784,33,674,0
13.689093112945557,318897,384268,385320,384494,28784,33,674,0
13.704286098480225,318897,384244,385320,384518,28802,33,674,0
13.724334001541138,318897,384268,385320,384542,28808,33,674,0
13.74111008644104,318897,384316,385448,384590,28820,33,674,0
13.758469104766846,318897,386364,387512,386638,28821,33,674,0
13.77658200263977,318897,386364,387512,386638,28821,33,674,0
13.794759035110474,318897,386364,387512,386638,28821,33,674,0
13.813018083572388,318897,390460,391608,390734,28823,33,674,0
13.831620931625366,318897,394556,395704,394830,28825,33,674,0
13.850927114486694,318897,394556,395704,394830,28825,33,674,0
13.873242139816284,318897,394556,395704,394830,28825,33,674,0
13.893015146255493,318897,394556,395704,394830,28825,33,674,0
13.913192987442017,318897,394556,395704,394830,28825,33,674,0
13.934116125106812,318897,394556,395704,394830,28825,33,674,0
13.955064058303833,318897,394556,395704,394830,28825,33,674,0
13.976163148880005,318897,396604,397752,396878,28825,33,674,0
13.997770071029663,318897,402748,403896,403022,28828,33,674,0
14.019750118255615,318897,404796,405944,405070,28830,33,674,0
14.042945146560669,318897,404796,405944,405070,28830,33,674,0
14.065786123275757,318897,406844,407992,407118,28831,33,674,0
14.093379020690918,318897,406908,407992,407182,28847,33,674,0
14.118077039718628,318897,406908,407992,407182,28847,33,674,0
14.142723083496094,318897,406908,407992,407182,28847,33,674,0
14.170170068740845,318897,406972,408120,407246,28863,33,674,0
14.196480989456177,318897,406972,408120,407246,28863,33,674,0
14.221184968948364,318897,406972,408120,407246,28863,33,674,0
14.24655795097351,318897,406972,408120,407246,28863,33,674,0
14.273180961608887,318897,406972,408120,407246,28863,33,674,0
14.299818992614746,318897,406972,408120,407246,28863,33,674,0
14.326529026031494,318897,406972,408120,407246,28863,33,674,0
14.35342001914978,318897,406972,408120,407246,28863,33,674,0
14.379752159118652,318897,406972,408120,407246,28863,33,674,0
14.40631103515625,318897,406972,408120,407246,28863,33,674,0
14.433537006378174,318897,406972,408120,407246,28863,33,674,0
14.461282968521118,318897,406972,408120,407246,28863,33,674,0
14.48966097831726,318897,406972,408120,407246,28863,33,674,0
14.518013954162598,318897,406972,408120,407246,28863,33,674,0
14.5468111038208,318897,406972,408120,407246,28863,33,674,0
14.576252937316895,318897,406972,408120,407246,28863,33,674,0
14.604850053787231,318897,406972,408120,407246,28863,33,674,0
14.63443398475647,318897,406972,408120,407246,28863,33,674,0
14.663490056991577,318897,411068,412216,411342,28864,33,675,0
14.693892002105713,318897,411072,412216,411346,28866,33,675,0
14.724375009536743,318897,411072,412216,411346,28866,33,675,0
14.754837036132812,318897,419264,420412,419538,28870,33,675,0
14.788187980651855,318897,419264,420412,419538,28870,33,675,0
14.819824934005737,318897,419264,420412,419538,28870,33,675,0
14.85475206375122,318897,421312,422460,421586,28871,33,675,0
14.888282060623169,318897,421312,422460,421586,28871,33,675,0
14.921162128448486,318897,423360,424508,423634,28872,33,675,0
14.954954147338867,318897,423360,424508,423634,28872,33,675,0
14.988522052764893,318897,423360,424508,423634,28872,33,675,0
15.023083925247192,318897,423360,424508,423634,28872,33,675,0
15.057013988494873,318897,423360,424508,423634,28872,33,675,0
15.091846942901611,318897,423360,424508,423634,28872,33,675,0
15.126819133758545,318897,423360,424508,423634,28872,33,675,0
15.16202998161316,318897,425408,426556,425682,28873,33,675,0
15.197396993637085,318897,425408,426556,425682,28873,33,675,0
15.233366966247559,318897,427456,428604,427730,28873,33,675,0
15.269991159439087,318897,429504,430652,429778,28875,33,675,0
15.307181119918823,318897,429504,430652,429778,28875,33,675,0
15.344393014907837,318897,429504,430652,429778,28875,33,675,0
15.381822109222412,318897,429504,430652,429778,28875,33,675,0
15.420145034790039,318897,429504,430652,429778,28875,33,675,0
15.458965063095093,318897,429504,430652,429778,28875,33,675,0
15.498575925827026,318897,433644,434780,433918,28881,40,675,0
15.538506031036377,318897,433644,434780,433918,28881,40,675,0
15.578993082046509,318897,437740,438888,438014,28883,40,675,0
15.620306968688965,318897,439828,440972,440102,28884,50,675,0
15.661772012710571,318897,441876,443024,442150,28885,50,675,0
15.703403949737549,318897,443924,445072,444198,28886,50,676,0
15.74605107307434,318897,444000,445072,444274,28890,65,676,0
15.788573980331421,318897,452200,453348,452474,28894,67,676,0
15.831944942474365,318897,454276,455396,454550,28897,72,676,0
15.876065015792847,318897,454276,455396,454550,28897,72,676,0
15.92097806930542,318897,454600,455652,454874,28939,111,676,0
15.965366125106812,318897,456684,457832,456958,28941,119,676,0
16.010699033737183,318897,463196,464232,463470,29495,212,676,0
16.05629014968872,318897,465244,466392,465518,29496,212,676,0
16.10265803337097,318897,465244,466392,465518,29496,212,676,0
16.149394035339355,318897,465088,466260,465362,29496,212,676,0
16.197184085845947,318897,465088,466260,465362,29496,212,676,0
16.244504928588867,318897,465088,466260,465362,29496,212,676,0
16.291847944259644,318897,471232,472380,471506,29499,212,676,0
16.341305017471313,318897,471232,472380,471506,29499,212,676,0
16.39096999168396,318897,475328,476476,475602,29501,212,676,0
16.441477060317993,318897,475328,476476,475602,29501,212,676,0
16.492335081100464,318897,483520,484668,483794,29505,212,676,0
16.54451608657837,318897,487616,488764,487890,29507,212,676,0
16.5969660282135,318897,489664,490812,489938,29508,212,676,0
16.649951934814453,318897,489664,490812,489938,29508,212,676,0
16.703269004821777,318897,489664,490812,489938,29508,212,676,0
16.756153106689453,318897,489664,490812,489938,29508,212,676,0
16.811310052871704,318897,489664,490812,489938,29508,212,676,0
16.865971088409424,318897,489684,490812,489958,29509,216,676,0
16.921776056289673,318897,489712,490812,489986,29509,223,676,0
16.980244159698486,318897,489712,490812,489986,29509,223,676,0
17.039330005645752,318897,489712,490812,489986,29509,223,676,0
17.098783016204834,318897,489712,490812,489986,29509,223,676,0
17.159342050552368,318897,489712,490812,489986,29509,223,676,0
17.2211811542511,318897,489712,490812,489986,29509,223,676,0
17.28307294845581,318897,489712,490812,489986,29509,223,676,0
17.34601902961731,318897,489712,490812,489986,29509,223,676,0
17.410009145736694,318897,489712,490812,489986,29509,223,676,0
17.474521160125732,318897,489712,490812,489986,29509,223,676,0
17.540102005004883,318897,489712,490812,489986,29509,223,676,0
17.605756044387817,318897,489712,490812,489986,29509,223,676,0
17.66997194290161,318897,489712,490812,489986,29509,223,676,0
17.737924098968506,318897,489712,490812,489986,29509,223,676,0
17.805330991744995,318897,489712,490812,489986,29509,223,676,0
17.869964122772217,318897,508144,509292,508418,29517,223,676,0
17.937812089920044,318897,542960,544108,543234,29535,223,678,0
18.0068941116333,318897,577776,578924,578050,29552,223,678,0
18.074002027511597,318897,612592,615788,612866,29569,223,679,0
18.14469814300537,318897,641264,644460,641538,29583,223,680,0
18.215656995773315,318897,678128,679276,678402,29601,223,680,0
18.28544592857361,318897,714992,716140,715266,29619,223,681,0
18.35765314102173,318897,751856,755052,752130,29637,223,682,0
18.430397033691406,318897,790768,791916,791042,29656,223,682,0
18.50502300262451,318897,829680,830828,829954,29675,223,683,0
18.58029294013977,318897,868592,869740,868866,29694,223,684,0
18.656748056411743,318897,907504,908652,907778,29713,223,685,0
18.734113931655884,318897,948464,949612,948738,29732,223,686,0
18.8103289604187,318897,987376,988524,987650,29752,223,686,0
18.889703035354614,318897,1028336,1029484,1028610,29772,223,687,0
18.967514038085938,318897,1069296,1070444,1069570,29792,223,688,0
19.045284032821655,318897,1108216,1109364,1108490,29811,225,689,0
19.12589693069458,318897,1151224,1152372,1151498,29831,225,690,0
19.205377101898193,318897,1192184,1193332,1192458,29852,225,690,0
19.289292097091675,318897,1235192,1236340,1235466,29873,225,692,0
19.373780965805054,318897,1280248,1281396,1280522,29894,225,692,0
19.45986294746399,318897,1323256,1326452,1323530,29916,225,693,0
19.54252004623413,318897,1368312,1369460,1368586,29938,225,694,0
19.630900144577026,318897,1413368,1414516,1413642,29960,225,695,0
19.720088005065918,318897,1458424,1459572,1458698,29982,225,696,0
19.80912709236145,318897,1503480,1504628,1503754,30004,225,697,0
19.900323152542114,318897,1548580,1549728,1548854,30035,226,698,0
19.992641925811768,318897,1595684,1596832,1595958,30058,226,699,0
20.086257934570312,318897,1642788,1645984,1643062,30082,226,700,0
20.180932998657227,318897,1691940,1693088,1692214,30106,226,701,0
20.276973962783813,318897,1743140,1744288,1743414,30130,226,702,0
20.37428092956543,318897,1792292,1793440,1792566,30155,226,703,0
20.47297501564026,318897,1839132,1840288,1839406,30178,226,704,0
20.635271072387695,318897,1853852,1854996,1854126,30702,229,704,0
20.73526906967163,318897,1861592,1862812,1861866,31589,236,704,0
20.83645009994507,318897,1867564,1868700,1867838,33072,240,704,0
20.93667197227478,318897,1873056,1874204,1873330,34445,242,704,0
21.0398211479187,318897,1878616,1879708,1878890,35822,253,704,0
21.14258098602295,318897,1883980,1885212,1884254,37179,255,705,0
21.246525049209595,318897,1889640,1890844,1889914,38592,256,705,0
21.349179983139038,318897,1895180,1896348,1895454,39961,257,705,0
21.452692985534668,318897,1901244,1902364,1901518,41498,259,705,0
21.555779933929443,318897,1906664,1907868,1906938,42843,262,705,0
21.661030054092407,318897,1911912,1912988,1912186,44178,276,705,0
21.765815019607544,318897,1917596,1918748,1917870,45600,277,706,0
21.87254500389099,318897,1921684,1922844,1921958,46591,297,706,0
21.982183933258057,318897,1927024,1928220,1927298,47909,313,706,0
22.08851408958435,318897,1933092,1934236,1933366,49419,320,706,0
22.196027994155884,318897,1938356,1939356,1938630,50743,324,706,0
22.303178071975708,318897,1944480,1945500,1944754,52250,325,706,0
22.412297010421753,318897,1950620,1951772,1950894,53802,327,706,0
22.52285408973694,318897,1956896,1957916,1957170,55359,343,706,0
22.63560700416565,318897,1963068,1964060,1963342,56877,345,706,0
22.746546983718872,318897,1969128,1970332,1969402,58395,355,706,0
22.85642099380493,318897,1975428,1976476,1975702,59921,356,706,0
22.873821020126343,318897,1975996,1977116,1976270,60072,356,706,0
22.89027500152588,318897,1977496,1978524,1977770,60496,356,706,0
22.90637707710266,318897,1979544,1980656,1979818,60497,356,707,0
22.92290997505188,318897,1981592,1982704,1981866,60498,356,707,0
22.93922710418701,318897,1985696,1986804,1985970,60501,357,707,0
22.955610036849976,318897,1989800,1990908,1990074,60504,358,707,0
22.97176694869995,318897,1991852,1992960,1992126,60505,359,707,0
22.98823094367981,318897,1993904,1995012,1994178,60507,359,707,0
23.004554986953735,318897,1996000,1997064,1996274,60512,366,707,0
23.02082109451294,318897,1996004,1997064,1996278,60513,367,707,0
23.037326097488403,318897,1996004,1997064,1996278,60513,367,707,0
23.054569005966187,318897,2000108,2001216,2000382,60516,368,707,0
23.07081913948059,318897,2006264,2007372,2006538,60521,369,707,0
23.08726716041565,318897,2010368,2011476,2010642,60524,370,707,0
23.103475093841553,318897,2014456,2017632,2014746,60527,371,708,0
23.11982798576355,318897,2016524,2017632,2016798,60528,372,708,0
23.136407136917114,318897,2020924,2022240,2021198,61535,373,708,0
23.152833938598633,318897,2025912,2027232,2026186,62708,374,708,0
23.16924214363098,318897,2030916,2032352,2031190,64025,375,708,0
23.18589496612549,318897,2035624,2037088,2035898,65144,377,708,0
23.20284914970398,318897,2041148,2042208,2041422,66546,378,708,0
23.219506978988647,318897,2046108,2047584,2046382,67762,379,708,0
23.236319065093994,318897,2051512,2052960,2051786,69168,380,708,0
23.25295400619507,318897,2057252,2058592,2057526,70550,382,708,0
23.269619941711426,318897,2062644,2064096,2062918,71912,383,708,0
23.28627109527588,318897,2067640,2068576,2067914,73261,384,708,0
23.30315613746643,318897,2072404,2073952,2072678,74432,386,708,0
23.319958925247192,318897,2077760,2079328,2078034,75802,387,709,0
23.3368079662323,318897,2083628,2084832,2083902,77237,388,709,0
23.353790998458862,318897,2089256,2090848,2089530,78631,399,709,0
23.370666980743408,318897,2094660,2096224,2094934,80017,400,709,0
23.3874249458313,318897,2100336,2101728,2100610,81411,400,709,0
23.404824018478394,318897,2106164,2107488,2106438,82792,401,709,0
23.422014951705933,318897,2110564,2111672,2110838,83608,402,710,0
23.4393310546875,318897,2116720,2119880,2116994,83614,402,710,0
23.456433057785034,318897,2124928,2126036,2125202,83619,403,710,0
23.473474979400635,318897,2131084,2132192,2131358,83626,404,710,0
23.490447998046875,318897,2133136,2134244,2133410,83627,404,710,0
23.50779414176941,318897,2137236,2138344,2137510,83631,405,710,0
23.525182008743286,318897,2143392,2144500,2143666,83636,406,710,0
23.542909145355225,318897,2151596,2152708,2151870,83642,406,710,0
23.56039309501648,318897,2157756,2158864,2158030,83649,407,710,0
23.57935905456543,318897,2165880,2167072,2166234,83657,408,710,0
23.599282026290894,318897,2174168,2175280,2174442,83664,409,710,0
23.618067979812622,318897,2182356,2183484,2182646,83670,410,711,0
23.63686513900757,318897,2190564,2191676,2190838,83675,410,711,0
23.655384063720703,318897,2198772,2199880,2199046,83682,412,711,0
23.673959970474243,318897,2206964,2208088,2207254,83687,414,711,0
23.692865133285522,318897,2215188,2218348,2215462,83695,416,712,0
23.710061073303223,318897,2225444,2226556,2225718,83701,418,712,0
23.727179050445557,318897,2233652,2234764,2233926,83707,420,712,0
23.744306087493896,318897,2241864,2242972,2242138,83713,422,712,0
23.761359930038452,318897,2250072,2253232,2250346,83720,425,712,0
23.778455018997192,318897,2260328,2261440,2260602,83726,427,712,0
23.795532941818237,318897,2268536,2269648,2268810,83732,429,712,0
23.81257700920105,318897,2276748,2277856,2277022,83738,431,713,0
23.83009696006775,318897,2284956,2288116,2285230,83746,433,713,0
23.847233057022095,318897,2295212,2296324,2295486,83752,435,713,0
23.864320993423462,318897,2303420,2304532,2303694,83758,437,713,0
23.881335973739624,318897,2311632,2312740,2311906,83764,439,714,0
23.89832305908203,318897,2319840,2320948,2320114,83771,442,714,0
23.915382146835327,318897,2330096,2331208,2330370,83777,444,714,0
23.932502031326294,318897,2338304,2339416,2338578,83783,446,714,0
23.949623107910156,318897,2346516,2347624,2346790,83789,448,714,0
23.96674609184265,318897,2354716,2357876,2354990,83796,449,714,0
23.983931064605713,318897,2364956,2366068,2365230,83800,449,714,0
24.001074075698853,318897,2373244,2374260,2373470,83804,449,714,0
24.018084049224854,318897,2381340,2382452,2381614,83809,449,715,0
24.035640001296997,318897,2391580,2392692,2391854,83813,449,715,0
24.0533390045166,318897,2399860,2400972,2400134,83828,460,715,0
24.071172952651978,318897,2408120,2409232,2408394,83842,468,716,0
24.08938694000244,318897,2418364,2419476,2418638,83846,469,716,0
24.10801410675049,318897,2426556,2429716,2426830,83851,469,716,0
24.126954078674316,318897,2436796,2437908,2437070,83856,469,716,0
24.14644694328308,318897,2447040,2448152,2447314,83860,470,716,0
24.166095972061157,318897,2457316,2458428,2457590,83865,479,716,0
24.186262130737305,318897,2467576,2468688,2467850,83870,484,716,0
24.206732988357544,318897,2477816,2478928,2478090,83875,484,717,0
24.22739005088806,318897,2488056,2489168,2488330,83881,484,717,0
24.24860405921936,318897,2500344,2501456,2500618,83886,484,717,0
24.270074129104614,318897,2510584,2511696,2510858,83891,484,718,0
24.29183292388916,318897,2520824,2521936,2521098,83897,484,718,0
24.31415295600891,318897,2533112,2534224,2533386,83902,484,718,0
24.336620092391968,318897,2543352,2546512,2543626,83908,484,718,0
24.359586000442505,318897,2555640,2556752,2555914,83914,484,718,0
24.382688999176025,318897,2567928,2569040,2568202,83919,484,718,0
24.40628409385681,318897,2580216,2581328,2580490,83925,484,719,0
24.4303081035614,318897,2592504,2593616,2592778,83931,484,719,0
24.455103158950806,318897,2604792,2605904,2605066,83938,484,720,0
24.47969913482666,318897,2617080,2618192,2617354,83944,484,720,0
24.504594087600708,318897,2629368,2632528,2629642,83950,484,720,0
24.529911994934082,318897,2643704,2644816,2643978,83956,484,720,0
24.55567502975464,318897,2655992,2657104,2656266,83963,484,720,0
24.58159899711609,318897,2668280,2671440,2668554,83969,484,721,0
24.608087062835693,318897,2682616,2683728,2682890,83975,484,721,0
24.634849071502686,318897,2696952,2698064,2697226,83982,484,721,0
24.662224054336548,318897,2711288,2712400,2711562,83989,484,722,0
24.689934015274048,318897,2725624,2726736,2725898,83996,484,722,0
24.717894077301025,318897,2739960,2741072,2740234,84003,484,722,0
24.74622893333435,318897,2754296,2755408,2754570,84010,484,722,0
24.774909019470215,318897,2768632,2769744,2768906,84017,484,723,0
24.803956985473633,318897,2782968,2784080,2783242,84025,484,723,0
24.833549976348877,318897,2799352,2800464,2799626,84032,484,723,0
24.863721132278442,318897,2813688,2814800,2813962,84040,484,724,0
24.893573999404907,318897,2830072,2831184,2830346,84047,484,724,0
24.92424702644348,318897,2844408,2847568,2844682,84055,484,724,0
24.95533514022827,318897,2860792,2863952,2861066,84063,484,724,0
24.986711978912354,318897,2877176,2878288,2877450,84071,484,725,0
25.018577098846436,318897,2893560,2894672,2893834,84079,484,725,0
25.050755977630615,318897,2909944,2913104,2910218,84087,484,726,0
25.08395504951477,318897,2928376,2929488,2928650,84095,484,726,0
25.117139101028442,318897,2942728,2943840,2943002,84103,488,726,0
25.150782108306885,318897,2952968,2954080,2953242,84108,488,726,0
25.18472909927368,318897,2961160,2964320,2961434,84112,488,726,0
25.21921992301941,318897,2971400,2972512,2971674,84116,488,727,0
25.254087924957275,318897,2987784,2990944,2988058,84125,488,727,0
25.289803981781006,318897,3006216,3007328,3006490,84134,488,728,0
25.325572967529297,318897,3024648,3025760,3024922,84143,488,728,0
25.36161494255066,318897,3043080,3044192,3043354,84152,488,728,0
25.398282051086426,318897,3063560,3064672,3063834,84161,488,729,0
25.43535804748535,318897,3081992,3083104,3082266,84170,488,729,0
25.47283911705017,318897,3100424,3103584,3100698,84180,488,730,0
25.51128101348877,318897,3120904,3122016,3121178,84189,488,730,0
25.549664974212646,318897,3139336,3140448,3139610,84199,488,730,0
25.58854103088379,318897,3159816,3160928,3160090,84208,488,730,0
25.627810955047607,318897,3180296,3181408,3180570,84218,488,731,0
25.66779398918152,318897,3200776,3201888,3201050,84228,488,732,0
25.7085440158844,318897,3215112,3216224,3215386,84236,488,732,0
25.749290943145752,318897,3227436,3230596,3227710,84245,494,732,0
25.79085898399353,318897,3247948,3251108,3248222,84260,497,732,0
25.83274793624878,318897,3270520,3271628,3270794,84281,498,733,0
25.87512707710266,318897,3291040,3294200,3291314,84300,499,734,0
25.91833996772766,318897,3313612,3316772,3313886,84320,501,734,0
25.962000131607056,318897,3336184,3339344,3336458,84341,502,734,0
26.004245042800903,318897,3356728,3359888,3357002,84358,511,735,0
26.048891067504883,318897,3379528,3382644,3379802,84408,529,735,0
26.09394598007202,318897,3404216,3405324,3404490,84448,540,736,0
26.13973593711853,318897,3426788,3429948,3427062,84469,541,736,0
26.1857590675354,318897,3449424,3452584,3449698,84494,554,736,0
26.23235511779785,318897,3474044,3477204,3474318,84515,556,737,0
26.279641151428223,318897,3498660,3501820,3498934,84535,558,738,0
26.32751202583313,318897,3523284,3526444,3523558,84558,559,738,0
26.376249074935913,318897,3547864,3551024,3548138,84571,559,738,0
26.425282955169678,318897,3572440,3575600,3572714,84583,559,739,0
26.47494602203369,318897,3599064,3600176,3599338,84596,559,740,0
26.525218963623047,318897,3623640,3626800,3623914,84608,559,740,0
26.575958013534546,318897,3650264,3653424,3650538,84621,559,740,0
26.627294063568115,318897,3678940,3680052,3679214,84635,560,741,0
26.67703413963318,318897,3703516,3704628,3703790,84647,560,742,0
26.72998809814453,318897,3730140,3733300,3730414,84660,560,742,0
26.783684015274048,318897,3756764,3759924,3757038,84673,560,743,0
26.83780813217163,318897,3785436,3788596,3785710,84687,560,744,0
26.892657995224,318897,3814108,3815220,3814382,84701,560,744,0
26.947829008102417,318897,3840732,3843892,3841006,84714,560,744,0
27.002588987350464,318897,3869404,3872564,3869678,84728,560,745,0
27.059121131896973,318897,3898076,3901236,3898350,84742,560,746,0
27.1163010597229,318897,3928796,3929908,3929070,84756,560,746,0
27.172497987747192,318897,3955420,3958580,3955694,84770,560,747,0
27.231418132781982,318897,3986140,3989300,3986414,84785,560,748,0
27.28794503211975,318897,4014812,4017972,4015086,84799,560,748,0
27.34828805923462,318897,4045532,4048692,4045806,84814,560,748,0
27.40963912010193,318897,4078300,4079412,4078574,84830,560,749,0
27.47017192840576,318897,4109020,4112180,4109294,84845,560,750,0
27.531306982040405,318897,4139740,4142900,4140014,84860,560,750,0
27.5942120552063,318897,4172508,4175668,4172782,84876,560,751,0
27.65815305709839,318897,4205276,4208436,4205550,84892,560,752,0
27.72110915184021,318897,4238044,4241204,4238318,84908,560,752,0
27.78669309616089,318897,4270812,4273972,4271086,84924,560,753,0
27.852839946746826,318897,4305628,4308788,4305902,84941,560,754,0
27.91978693008423,318897,4340444,4341556,4340718,84957,560,754,0
27.987611055374146,318897,4375260,4376372,4375534,84974,560,755,0
28.056227922439575,318897,4410076,4411188,4410350,84992,560,756,0
28.125488996505737,318897,4444892,4448052,4445166,85009,560,757,0
28.195258140563965,318897,4481756,4482868,4482030,85026,560,758,0
28.266284942626953,318897,4516572,4519732,4516846,85044,560,758,0
28.33787202835083,318897,4553436,4556596,4553710,85062,560,759,0
28.41060996055603,318897,4592348,4593460,4592622,85080,560,760,0
28.484158039093018,318897,4629212,4632372,4629486,85099,560,760,0
28.558783054351807,318897,4643548,4644660,4643822,85106,560,761,0
28.634531021118164,318897,4643548,4644660,4643822,85106,560,761,0
28.706949949264526,318897,4643548,4644660,4643822,85106,560,761,0
28.784588098526,318897,4643548,4644660,4643822,85106,560,761,0
28.865278005599976,318897,4643548,4644660,4643822,85106,560,761,0
28.947196006774902,318897,4643548,4644660,4643822,85106,560,761,0
29.02934694290161,318897,4643548,4644660,4643822,85106,560,761,0
29.11281704902649,318897,4643548,4644660,4643822,85106,560,761,0
29.196939945220947,318897,4643548,4644660,4643822,85106,560,761,0
29.282318115234375,318897,4643548,4644660,4643822,85106,560,761,0
29.368582010269165,318897,4638680,4639540,4638954,85106,560,761,0
29.458313941955566,318897,4634768,4635956,4635042,85106,560,761,0
29.54734706878662,318897,4617128,4618292,4617402,85106,560,761,0
29.689423084259033,318897,4595724,4596020,4595998,85106,560,760,0
29.782694101333618,318897,4578168,4579508,4578442,85106,560,760,0
29.874758005142212,318897,4578168,4579508,4578442,85106,560,760,0
29.96554207801819,318897,4578168,4579508,4578442,85106,560,760,0
30.059205055236816,318897,4578168,4579508,4578442,85106,560,760,0
30.152913093566895,318897,4578168,4579508,4578442,85106,560,760,0
30.248777151107788,318897,4578168,4579508,4578442,85106,560,760,0
30.34147000312805,318897,4578168,4579508,4578442,85106,560,760,0
30.43584108352661,318897,4578168,4579508,4578442,85106,560,760,0
30.528866052627563,318897,4578168,4579508,4578442,85106,560,760,0
30.62590503692627,318897,3839696,3840960,3839970,85106,566,746,0
30.720689058303833,318897,3839696,3840960,3839970,85106,566,746,0
30.81479001045227,318897,3839696,3840960,3839970,85106,566,746,0
30.910722970962524,318897,3839696,3840960,3839970,85106,566,746,0
31.008540153503418,318897,3839696,3840960,3839970,85106,566,746,0
31.10802698135376,318897,3839696,3840960,3839970,85106,566,746,0
31.209105968475342,318897,3839696,3840960,3839970,85106,566,746,0
31.311141967773438,318897,3839708,3840960,3839982,85107,568,746,0
31.413785934448242,318897,3839708,3840960,3839982,85107,568,746,0
31.51733708381653,318897,3839708,3840960,3839982,85107,568,746,0
31.620527982711792,318897,3839708,3840960,3839982,85107,568,746,0
31.723199129104614,318897,3839708,3840960,3839982,85107,568,746,0
31.827367067337036,318897,3839708,3840960,3839982,85107,568,746,0
31.933727979660034,318897,3839708,3840960,3839982,85107,568,746,0
32.039292097091675,318897,3839712,3840960,3839986,85107,569,746,0
32.05699610710144,318897,3839712,3840960,3839986,85107,569,746,0
32.07466411590576,318897,3839712,3840960,3839986,85107,569,746,0
32.0923171043396,318897,3839712,3840960,3839986,85107,569,746,0
32.109858989715576,318897,3839712,3840960,3839986,85107,569,746,0
32.12728714942932,318897,3839712,3840960,3839986,85107,569,746,0
32.14475893974304,318897,3839712,3840960,3839986,85107,569,746,0
32.162307024002075,318897,3839712,3840960,3839986,85107,569,746,0
32.17979907989502,318897,3839712,3840960,3839986,85107,569,746,0
32.1975040435791,318897,3839712,3840960,3839986,85107,569,746,0
32.21513605117798,318897,3839712,3840960,3839986,85107,569,746,0
32.23248314857483,318897,3839712,3840960,3839986,85107,569,746,0
32.25007915496826,318897,3839712,3840960,3839986,85107,569,746,0
32.26803398132324,318897,3839712,3840960,3839986,85107,569,746,0
32.285614013671875,318897,3839712,3840960,3839986,85107,569,746,0
32.30345106124878,318897,3839712,3840960,3839986,85107,569,746,0
32.321288108825684,318897,3839712,3840960,3839986,85107,569,746,0
32.338974952697754,318897,3839712,3840960,3839986,85107,569,746,0
32.35707497596741,318897,3839712,3840960,3839986,85107,569,746,0
32.37539005279541,318897,3839712,3840960,3839986,85107,569,746,0
32.39291000366211,318897,3839712,3840960,3839986,85107,569,746,0
32.41063094139099,318897,3839712,3840960,3839986,85107,569,746,0
32.42839193344116,318897,3839712,3840960,3839986,85107,569,746,0
32.44582509994507,318897,3839712,3840960,3839986,85107,569,746,0
32.46306014060974,318897,3839712,3840960,3839986,85107,569,746,0
32.48023796081543,318897,3839712,3840960,3839986,85107,569,746,0
32.49730396270752,318897,3839712,3840960,3839986,85107,569,746,0
32.5144419670105,318897,3839712,3840960,3839986,85107,569,746,0
32.53150200843811,318897,3839712,3840960,3839986,85107,569,746,0
32.548742055892944,318897,3839712,3840960,3839986,85107,569,746,0
32.56675100326538,318897,3839712,3840960,3839986,85107,569,746,0
32.58435797691345,318897,3839712,3840960,3839986,85107,569,746,0
32.60200214385986,318897,3059424,3060688,3059698,85107,569,730,0
32.620092153549194,318897,3059424,3060688,3059698,85107,569,730,0
32.63763213157654,318897,3059424,3060688,3059698,85107,569,730,0
32.6551411151886,318897,3059424,3060688,3059698,85107,569,730,0
32.672654151916504,318897,3059424,3060688,3059698,85107,569,730,0
32.690407037734985,318897,3059424,3060688,3059698,85107,569,730,0
32.708086013793945,318897,3059424,3060688,3059698,85107,569,730,0
32.72556209564209,318897,3059424,3060688,3059698,85107,569,730,0
32.743046045303345,318897,3059424,3060688,3059698,85107,569,730,0
32.76038599014282,318897,3059424,3060688,3059698,85107,569,730,0
32.778067111968994,318897,3059424,3060688,3059698,85107,569,730,0
32.79562592506409,318897,3059424,3060688,3059698,85107,569,730,0
32.813432931900024,318897,3059424,3060688,3059698,85107,569,730,0
32.831120014190674,318897,3059424,3060688,3059698,85107,569,730,0
32.84831213951111,318897,3059452,3060688,3059726,85107,574,730,0
32.865386962890625,318897,3059628,3060816,3059902,85127,600,730,0
32.882631063461304,318897,3060244,3061456,3060518,85235,630,730,0
32.899791955947876,318897,3060488,3061712,3060762,85296,646,730,0
32.917072057724,318897,3060588,3061840,3060862,85304,663,730,0
32.93420100212097,318897,3065064,3066328,3065338,85370,693,730,0
32.951327085494995,318897,3073256,3074520,3073530,85374,693,730,0
32.96862602233887,318897,3081448,3084760,3081722,85379,693,730,0
32.98632192611694,318897,3083496,3084760,3083770,85380,693,730,0
33.00357794761658,318897,3083496,3084760,3083770,85380,693,730,0
33.020668029785156,318897,3083496,3084760,3083770,85380,693,730,0
33.03917098045349,318897,3083496,3084760,3083770,85380,693,730,0
33.05683612823486,318897,3083496,3084760,3083770,85380,693,730,0
33.07478713989258,318897,3083496,3084760,3083770,85380,693,730,0
33.09304213523865,318897,3083496,3084760,3083770,85380,693,730,0
33.111757040023804,318897,3083496,3084760,3083770,85380,693,730,0
33.13075304031372,318897,3083496,3084760,3083770,85380,693,730,0
33.1500780582428,318897,3083496,3084760,3083770,85380,693,730,0
33.16963815689087,318897,3083496,3084760,3083770,85380,693,730,0
33.18998694419861,318897,3083496,3084760,3083770,85380,693,730,0
33.21076703071594,318897,3083496,3084760,3083770,85380,693,730,0
33.23182201385498,318897,3083496,3084760,3083770,85380,693,730,0
33.25329613685608,318897,3083496,3084760,3083770,85380,693,730,0
33.27506995201111,318897,3083496,3084760,3083770,85380,693,730,0
33.29718899726868,318897,3083496,3084760,3083770,85380,693,730,0
33.31957411766052,318897,3083496,3084760,3083770,85380,693,730,0
33.34233212471008,318897,3083496,3084760,3083770,85380,693,730,0
33.365318059921265,318897,3083496,3084760,3083770,85380,693,730,0
33.38897705078125,318897,3083496,3084760,3083770,85380,693,730,0
33.41324305534363,318897,3083496,3084760,3083770,85380,693,730,0
33.43727397918701,318897,3083496,3084760,3083770,85380,693,730,0
33.46197509765625,318897,3083496,3084760,3083770,85380,693,730,0
33.48700308799744,318897,3083496,3084760,3083770,85380,693,730,0
33.512386083602905,318897,3083496,3084760,3083770,85380,693,730,0
33.53814196586609,318897,3083496,3084760,3083770,85380,693,730,0
33.564404010772705,318897,3083496,3084760,3083770,85380,693,730,0
33.59101915359497,318897,3084592,3085912,3084866,85481,728,730,0
33.61826014518738,318897,3085584,3086808,3085858,85772,817,730,0
33.64570999145508,318897,3086596,3087832,3086870,85943,896,730,0
33.67349910736084,318897,3087148,3088344,3087422,86012,974,730,0
33.70177912712097,318897,3087868,3089112,3088142,86120,1041,730,0
33.730523109436035,318897,3088440,3089624,3088714,86162,1143,730,0
33.7595329284668,318897,3089456,3090648,3089730,86208,1355,730,0
33.78883099555969,318897,3089568,3090776,3089842,86209,1382,730,0
33.81890511512756,318897,3089568,3090776,3089842,86209,1382,730,0
33.8491530418396,318897,3090228,3091416,3090502,86321,1414,730,0
33.87912392616272,318897,3091452,3092952,3091726,86558,1497,730,0
33.910135984420776,318897,3093812,3095000,3094086,87012,1626,730,0
33.94157814979553,318897,3094572,3095768,3094846,87109,1681,730,0
33.97327494621277,318897,3096692,3097944,3096966,87561,1803,730,0
34.00539708137512,318897,3097792,3098968,3098066,87738,1895,730,0
34.03830003738403,318897,3098916,3100120,3099190,87901,1996,730,0
34.07139706611633,318897,3099488,3100760,3099762,87983,2072,730,0
34.104296922683716,318897,3099640,3100888,3099914,88017,2092,730,0
34.137980937957764,318897,3099640,3100888,3099914,88017,2092,730,0
34.17230200767517,318897,3099640,3100888,3099914,88017,2092,730,0
34.20703315734863,318897,3099640,3100888,3099914,88017,2092,730,0
34.24238610267639,318897,3099640,3100888,3099914,88017,2092,730,0
34.27810215950012,318897,3099640,3100888,3099914,88017,2092,730,0
34.31413698196411,318897,3099640,3100888,3099914,88017,2092,730,0
34.3499710559845,318897,3099640,3100888,3099914,88017,2092,730,0
34.38667297363281,318897,3099640,3100888,3099914,88017,2092,730,0
34.42384910583496,318897,3099640,3100888,3099914,88017,2092,730,0
34.46209907531738,318897,3099640,3100888,3099914,88017,2092,730,0
34.50029993057251,318897,3099640,3100888,3099914,88017,2092,730,0
34.53927803039551,318897,3099640,3100888,3099914,88017,2092,730,0
34.57853603363037,318897,3099640,3100888,3099914,88017,2092,730,0
34.61750912666321,318897,3099640,3100888,3099914,88017,2092,730,0
34.65708303451538,318897,2446328,2447592,2446602,88017,2092,717,0
34.69775915145874,318897,2446328,2447592,2446602,88017,2092,717,0
34.73896503448486,318897,2446328,2447592,2446602,88017,2092,717,0
34.78073692321777,318897,2446328,2447592,2446602,88017,2092,717,0
34.822904109954834,318897,2446328,2447592,2446602,88017,2092,717,0
34.86578702926636,318897,2446328,2447592,2446602,88017,2092,717,0
34.90899896621704,318897,2446328,2447592,2446602,88017,2092,717,0
34.9526469707489,318897,2446328,2447592,2446602,88017,2092,717,0
34.995903968811035,318897,2446328,2447592,2446602,88017,2092,717,0
35.04058814048767,318897,2446328,2447592,2446602,88017,2092,717,0
35.08616495132446,318897,2446328,2447592,2446602,88017,2092,717,0
35.13189196586609,318897,2446328,2447592,2446602,88017,2092,717,0
35.178192138671875,318897,2446328,2447592,2446602,88017,2092,717,0
35.224777936935425,318897,2446328,2447592,2446602,88017,2092,717,0
35.27231502532959,318897,2446328,2447592,2446602,88017,2092,717,0
35.32025599479675,318897,2446328,2447592,2446602,88017,2092,717,0
35.36898493766785,318897,2446328,2447592,2446602,88017,2092,717,0
35.41639494895935,318897,2446328,2447592,2446602,88017,2092,717,0
35.46643114089966,318897,2446328,2447592,2446602,88017,2092,717,0
35.51697301864624,318897,2446328,2447592,2446602,88017,2092,717,0
35.567955017089844,318897,2446328,2447592,2446602,88017,2092,717,0
35.61958909034729,318897,2446328,2447592,2446602,88017,2092,717,0
35.67172813415527,318897,2446328,2447592,2446602,88017,2092,717,0
35.72517704963684,318897,2446328,2447592,2446602,88017,2092,717,0
35.77839398384094,318897,2446328,2447592,2446602,88017,2092,717,0
35.83240509033203,318897,2446328,2447592,2446602,88017,2092,717,0
35.88730502128601,318897,2450436,2451688,2450710,88855,2217,717,0
35.94280815124512,318897,2451424,2452584,2451698,89124,2259,717,0
35.99890613555908,318897,2451424,2452584,2451698,89124,2259,717,0
36.05522894859314,318897,2453968,2455144,2454242,89678,2341,717,0
36.11100792884827,318897,2453968,2455144,2454242,89678,2341,717,0
36.16925501823425,318897,2453968,2455144,2454242,89678,2341,717,0
36.22755002975464,318897,2476536,2479848,2476810,90140,2411,718,0
36.28639602661133,318897,2507304,2508568,2507578,90161,2417,718,0
36.34711194038391,318897,2538024,2541336,2538298,90176,2417,718,0
36.40789794921875,318897,2570792,2572056,2571066,90191,2417,719,0
36.46951699256897,318897,2601512,2604824,2601786,90207,2417,720,0
36.53200006484985,318897,2634280,2635544,2634554,90222,2417,720,0
36.595055103302,318897,2667048,2668312,2667322,90238,2417,721,0
36.65868401527405,318897,2699816,2701080,2700090,90254,2417,722,0
36.7235369682312,318897,2703916,2705180,2704190,90270,2418,722,0
36.789199113845825,318897,2738732,2739996,2739006,90287,2418,723,0
36.855340003967285,318897,2767404,2768668,2767678,90302,2418,723,0
36.92168092727661,318897,2767404,2768668,2767678,90302,2418,723,0
36.99014496803284,318897,2767404,2768668,2767678,90302,2418,723,0
37.06112003326416,318897,2767404,2768668,2767678,90302,2418,723,0
37.13243007659912,318897,2767404,2768668,2767678,90302,2418,723,0
37.204899072647095,318897,2767404,2768668,2767678,90302,2418,723,0
37.278149127960205,318897,2767404,2768668,2767678,90302,2418,723,0
37.3526611328125,318897,2767404,2768668,2767678,90302,2418,723,0
37.42700409889221,318897,2767404,2768668,2767678,90302,2418,723,0
37.50301003456116,318897,2767404,2768668,2767678,90302,2418,723,0
37.58003115653992,318897,2767404,2768668,2767678,90302,2418,723,0
37.65770602226257,318897,2767404,2768668,2767678,90302,2418,723,0
37.73671007156372,318897,2767404,2768668,2767678,90302,2418,723,0
37.817229986190796,318897,2767404,2768668,2767678,90302,2418,723,0
37.898112058639526,318897,2767404,2768668,2767678,90302,2418,723,0
37.980119943618774,318897,2767404,2768668,2767678,90302,2418,723,0
38.06313896179199,318897,2767404,2768668,2767678,90302,2418,723,0
38.14727997779846,318897,2767404,2768668,2767678,90302,2418,723,0
38.231311082839966,318897,2767404,2768668,2767678,90302,2418,723,0
38.316585063934326,318897,2767404,2768668,2767678,90302,2418,723,0
38.4039831161499,318897,2767404,2768668,2767678,90302,2418,723,0
38.4918110370636,318897,2767404,2768668,2767678,90302,2418,723,0
38.58125114440918,318897,2767404,2768668,2767678,90302,2418,723,0
38.67131805419922,318897,2767404,2768668,2767678,90302,2418,723,0
38.76285195350647,318897,2767404,2768668,2767678,90302,2418,723,0
38.85531210899353,318897,2767404,2768668,2767678,90302,2418,723,0
38.947909116744995,318897,2382380,2383644,2382654,90302,2418,716,0
39.04275894165039,318897,2382380,2383644,2382654,90302,2418,716,0
39.13841795921326,318897,2382380,2383644,2382654,90302,2418,716,0
39.23346710205078,318897,2382380,2383644,2382654,90302,2418,716,0
39.33098006248474,318897,2382380,2383644,2382654,90302,2418,716,0
39.426265001297,318897,2382380,2383644,2382654,90302,2418,716,0
39.4439799785614,318897,2382380,2383644,2382654,90302,2418,716,0
39.46163606643677,318897,2382380,2383644,2382654,90302,2418,716,0
39.47921109199524,318897,2382380,2383644,2382654,90302,2418,716,0
39.4967999458313,318897,2382380,2383644,2382654,90302,2418,716,0
39.51441192626953,318897,2382380,2383644,2382654,90302,2418,716,0
39.53203201293945,318897,2382380,2383644,2382654,90302,2418,716,0
39.549566984176636,318897,2382380,2383644,2382654,90302,2418,716,0
39.567034006118774,318897,2382380,2383644,2382654,90302,2418,716,0
39.584409952163696,318897,2382380,2383644,2382654,90302,2418,716,0
39.60202097892761,318897,2382380,2383644,2382654,90302,2418,716,0
39.61946105957031,318897,2382380,2383644,2382654,90302,2418,716,0
39.6372709274292,318897,2382380,2383644,2382654,90302,2418,716,0
39.65482497215271,318897,2382380,2383644,2382654,90302,2418,716,0
39.67225694656372,318897,2382380,2383644,2382654,90302,2418,716,0
39.68967008590698,318897,2382380,2383644,2382654,90302,2418,716,0
39.70709705352783,318897,2382380,2383644,2382654,90302,2418,716,0
39.724486112594604,318897,2382380,2383644,2382654,90302,2418,716,0
39.741909980773926,318897,2382380,2383644,2382654,90302,2418,716,0
39.75940012931824,318897,2382380,2383644,2382654,90302,2418,716,0
39.77685308456421,318897,2382380,2383644,2382654,90302,2418,716,0
39.79431200027466,318897,2382380,2383644,2382654,90302,2418,716,0
39.811761140823364,318897,2382380,2383644,2382654,90302,2418,716,0
39.830520153045654,318897,2382316,2383644,2382654,90302,2418,716,0
39.85049915313721,318897,2382356,2383644,2382654,90302,2418,716,0
39.8698410987854,318897,2382380,2383644,2382654,90302,2418,716,0
39.88925004005432,318897,2382380,2383644,2382654,90302,2418,716,0
39.90842914581299,318897,2382380,2383644,2382654,90302,2418,716,0
39.928014039993286,318897,2382380,2383644,2382654,90302,2418,716,0
39.94754195213318,318897,2382380,2383644,2382654,90302,2418,716,0
39.96714496612549,318897,2382380,2383644,2382654,90302,2418,716,0
39.98693013191223,318897,2382380,2383644,2382654,90302,2418,716,0
40.006447076797485,318897,2382380,2383644,2382654,90302,2418,716,0
40.025994062423706,318897,2382380,2383644,2382654,90302,2418,716,0
40.04566812515259,318897,2382380,2383644,2382654,90302,2418,716,0
40.06532096862793,318897,2382380,2383644,2382654,90302,2418,716,0
40.08471703529358,318897,2382372,2383644,2382654,90302,2418,716,0
40.10422205924988,318897,2382364,2383644,2382654,90302,2418,716,0
40.12383699417114,318897,2382380,2383644,2382654,90302,2418,716,0
40.141682147979736,318897,2382380,2383644,2382654,90302,2418,716,0
40.15908694267273,318897,2382380,2383644,2382654,90302,2418,716,0
40.176515102386475,318897,2382380,2383644,2382654,90302,2418,716,0
40.19397211074829,318897,2382380,2383644,2382654,90302,2418,716,0
40.21137499809265,318897,2382380,2383644,2382654,90302,2418,716,0
40.22885608673096,318897,2382380,2383644,2382654,90302,2418,716,0
40.24636197090149,318897,2382380,2383644,2382654,90302,2418,716,0
40.26425313949585,318897,2382476,2383644,2382702,90302,2418,716,0
40.28168511390686,318897,2382380,2383644,2382654,90302,2418,716,0
40.30124807357788,318897,2382380,2383644,2382654,90302,2418,716,0
40.31932306289673,318897,2382380,2383644,2382654,90302,2418,716,0
40.33758902549744,318897,2382380,2383644,2382654,90302,2418,716,0
40.35618209838867,318897,2382380,2383644,2382654,90302,2418,716,0
40.37518000602722,318897,2382380,2383644,2382654,90302,2418,716,0
40.39445114135742,318897,2382380,2383644,2382654,90302,2418,716,0
40.414133071899414,318897,2382380,2383644,2382654,90302,2418,716,0
40.434263944625854,318897,2382380,2383644,2382654,90302,2418,716,0
40.45475196838379,318897,2382380,2383644,2382654,90302,2418,716,0
40.47614002227783,318897,2382380,2383644,2382654,90302,2418,716,0
40.49729514122009,318897,2382380,2383644,2382654,90302,2418,716,0
40.51879405975342,318897,2382380,2383644,2382654,90302,2418,716,0
40.54064702987671,318897,2382380,2383644,2382654,90302,2418,716,0
40.56281900405884,318897,2382380,2383644,2382654,90302,2418,716,0
40.58553695678711,318897,2382380,2383644,2382654,90302,2418,716,0
40.60843300819397,318897,2382380,2383644,2382654,90302,2418,716,0
40.63159513473511,318897,2382380,2383644,2382654,90302,2418,716,0
40.655280113220215,318897,2382380,2383644,2382654,90302,2418,716,0
40.679765939712524,318897,2382380,2383644,2382654,90302,2418,716,0
40.70413398742676,318897,2382380,2383644,2382654,90302,2418,716,0
40.72883200645447,318897,2382380,2383644,2382654,90302,2418,716,0
40.753824949264526,318897,2382380,2383644,2382654,90302,2418,716,0
40.77927494049072,318897,2382380,2383644,2382654,90302,2418,716,0
40.80512499809265,318897,2382380,2383644,2382654,90302,2418,716,0
40.83132600784302,318897,2382380,2383644,2382654,90302,2418,716,0
40.85761308670044,318897,2382380,2383644,2382654,90302,2418,716,0
40.884727001190186,318897,2382380,2383644,2382654,90302,2418,716,0
40.912238121032715,318897,2382380,2383644,2382654,90302,2418,716,0
40.940218925476074,318897,1976876,1978140,1977150,90302,2418,707,0
40.968344926834106,318897,1976876,1978140,1977150,90302,2418,707,0
40.99653601646423,318897,1976876,1978140,1977150,90302,2418,707,0
41.02467203140259,318897,1976876,1978140,1977150,90302,2418,707,0
41.05334711074829,318897,1976876,1978140,1977150,90302,2418,707,0
41.08227205276489,318897,1976876,1978140,1977150,90302,2418,707,0
41.114794969558716,318897,1976876,1978140,1977150,90302,2418,707,0
41.14481711387634,318897,1976876,1978140,1977150,90302,2418,707,0
41.17511606216431,318897,1976876,1978140,1977150,90302,2418,707,0
41.20582914352417,318897,1976876,1978140,1977150,90302,2418,707,0
41.236839056015015,318897,1976876,1978140,1977150,90302,2418,707,0
41.268275022506714,318897,1976876,1978140,1977150,90302,2418,707,0
41.300071001052856,318897,1976876,1978140,1977150,90302,2418,707,0
41.332322120666504,318897,1976876,1978140,1977150,90302,2418,707,0
41.36499094963074,318897,1976876,1978140,1977150,90302,2418,707,0
41.39813208580017,318897,1976876,1978140,1977150,90302,2418,707,0
41.43173599243164,318897,1976876,1978140,1977150,90302,2418,707,0
41.465705156326294,318897,1976876,1978140,1977150,90302,2418,707,0
41.50036406517029,318897,1976876,1978140,1977150,90302,2418,707,0
41.535351037979126,318897,1976876,1978140,1977150,90302,2418,707,0
41.57069993019104,318897,1976876,1978140,1977150,90302,2418,707,0
41.606362104415894,318897,1976876,1978140,1977150,90302,2418,707,0
41.642383098602295,318897,1976876,1978140,1977150,90302,2418,707,0
41.678898096084595,318897,1976876,1978140,1977150,90302,2418,707,0
41.715264081954956,318897,1976876,1978140,1977150,90302,2418,707,0
41.75272512435913,318897,1995308,1996572,1995582,90310,2418,708,0
41.79085302352905,318897,2001452,2002716,2001726,90314,2418,708,0
41.829522132873535,318897,2001452,2002716,2001726,90314,2418,708,0
41.86829209327698,318897,2001452,2002716,2001726,90314,2418,708,0
41.90753698348999,318897,2001452,2002716,2001726,90314,2418,708,0
41.94794201850891,318897,2001452,2002716,2001726,90314,2418,708,0
41.98874497413635,318897,2001452,2002716,2001726,90314,2418,708,0
42.029797077178955,318897,2001452,2002716,2001726,90314,2418,708,0
42.074026107788086,318897,2001452,2002716,2001726,90314,2418,708,0
42.11603808403015,318897,2001452,2002716,2001726,90314,2418,708,0
42.15876507759094,318897,2001452,2002716,2001726,90314,2418,708,0
42.201915979385376,318897,2001452,2002716,2001726,90314,2418,708,0
42.24529194831848,318897,2001452,2002716,2001726,90314,2418,708,0
42.289324045181274,318897,2001452,2002716,2001726,90314,2418,708,0
42.3329131603241,318897,2001452,2002716,2001726,90314,2418,708,0
42.37833213806152,318897,2001452,2002716,2001726,90314,2418,708,0
42.42405605316162,318897,2001452,2002716,2001726,90314,2418,708,0
42.47020506858826,318897,2001452,2002716,2001726,90314,2418,708,0
42.51713299751282,318897,2001452,2002716,2001726,90314,2418,708,0
42.564703941345215,318897,2001452,2002716,2001726,90314,2418,708,0
42.61276197433472,318897,2001452,2002716,2001726,90314,2418,708,0
42.66154599189758,318897,2001452,2002716,2001726,90314,2418,708,0
42.710598945617676,318897,2001452,2002716,2001726,90314,2418,708,0
42.76067304611206,318897,2001452,2002716,2001726,90314,2418,708,0
42.81109309196472,318897,2001452,2002716,2001726,90314,2418,708,0
42.862168073654175,318897,2001452,2002716,2001726,90314,2418,708,0
42.91364312171936,318897,2001452,2002716,2001726,90314,2418,708,0
42.96618700027466,318897,1716780,1718044,1717054,90314,2418,702,0
43.01917910575867,318897,1718828,1720092,1719102,90315,2418,702,0
43.07523202896118,318897,1718828,1720092,1719102,90315,2418,702,0
43.12934613227844,318897,1737260,1738524,1737534,90324,2418,702,0
43.184733152389526,318897,1765932,1767196,1766206,90337,2418,703,0
43.239635944366455,318897,1794604,1795868,1794878,90351,2418,704,0
43.29604196548462,318897,1823276,1824540,1823550,90365,2418,704,0
43.35310411453247,318897,1851948,1855260,1852222,90380,2418,705,0
43.41003394126892,318897,1882668,1883932,1882942,90394,2418,705,0
43.46862506866455,318897,1913388,1914652,1913662,90409,2418,706,0
43.52815103530884,318897,1944108,1945372,1944382,90424,2418,706,0
43.58719301223755,318897,1974828,1976092,1975102,90439,2418,707,0
43.6478590965271,318897,2005548,2006812,2005822,90454,2418,708,0
43.70937895774841,318897,2036268,2039580,2036542,90470,2418,708,0
43.77135515213013,318897,2069036,2070300,2069310,90485,2418,709,0
43.833725929260254,318897,2101804,2103068,2102078,90501,2418,710,0
43.89735007286072,318897,2134572,2135836,2134846,90517,2418,710,0
43.961727142333984,318897,2167340,2168604,2167614,90533,2418,711,0
44.027244091033936,318897,2200108,2201372,2200382,90549,2418,712,0
44.09228205680847,318897,2234924,2236188,2235198,90566,2418,712,0
44.15908694267273,318897,2269740,2271004,2270014,90583,2418,713,0
44.22691512107849,318897,2304556,2305820,2304830,90600,2418,714,0
44.295292139053345,318897,2339372,2340636,2339646,90617,2418,714,0
44.36435103416443,318897,2374188,2377500,2374462,90635,2418,715,0
44.43479895591736,318897,2411052,2412316,2411326,90652,2418,716,0
44.50589108467102,318897,2447916,2449180,2448190,90670,2418,717,0
44.57770895957947,318897,2484780,2486044,2485054,90688,2418,718,0
44.6504180431366,318897,2521644,2524956,2521918,90707,2418,718,0
44.72395205497742,318897,2560556,2561820,2560830,90725,2418,719,0
44.79871106147766,318897,2599468,2600732,2599742,90744,2418,720,0
44.87414503097534,318897,2636332,2637596,2636606,90762,2418,720,0
44.94997596740723,318897,2675244,2676508,2675518,90782,2418,722,0
45.02725911140442,318897,2693676,2694940,2693950,90799,2418,722,0
45.105633020401,318897,2693676,2694940,2693950,90799,2418,722,0
45.18555998802185,318897,2693676,2694940,2693950,90799,2418,722,0
45.267521142959595,318897,2693676,2694940,2693950,90799,2418,722,0
45.35044598579407,318897,2693676,2694940,2693950,90799,2418,722,0
45.43432402610779,318897,2693676,2694940,2693950,90799,2418,722,0
45.52030801773071,318897,2693676,2694940,2693950,90799,2418,722,0
45.6061429977417,318897,2693676,2694940,2693950,90799,2418,722,0
45.693273067474365,318897,2693676,2694940,2693950,90799,2418,722,0
45.78196907043457,318897,2693676,2694940,2693950,90799,2418,722,0
45.87131404876709,318897,2693764,2694940,2694038,90799,2425,722,0
45.961442947387695,318897,2693764,2694940,2694038,90799,2425,722,0
46.05325508117676,318897,2693764,2694940,2694038,90799,2425,722,0
46.14578413963318,318897,2693832,2694940,2694106,90800,2441,722,0
46.24337697029114,318897,2693832,2694940,2694106,90800,2441,722,0
46.338578939437866,318897,2693832,2694940,2694106,90800,2441,722,0
46.437926054000854,318897,2693832,2694940,2694106,90800,2441,722,0
46.53781199455261,318897,2693832,2694940,2694106,90800,2441,722,0
46.63682007789612,318897,2693972,2695068,2694246,90815,2461,722,0
46.74158215522766,318897,2677816,2678684,2678012,90815,2461,722,0
46.85237002372742,318897,2677816,2678684,2678012,90815,2461,722,0
46.95602893829346,318897,2677816,2678684,2678012,90815,2461,722,0
47.062554121017456,318897,2288700,2289672,2288896,90815,2462,714,0
47.16928696632385,318897,2288708,2289672,2288904,90815,2464,714,0
47.18769097328186,318897,2288708,2289672,2288904,90815,2464,714,0
47.20618796348572,318897,2288708,2289672,2288904,90815,2464,714,0
47.22463512420654,318897,2288708,2289672,2288904,90815,2464,714,0
47.24328112602234,318897,2288708,2289672,2288904,90815,2464,714,0
47.26158094406128,318897,2288708,2289672,2288904,90815,2464,714,0
47.27982711791992,318897,2288708,2289672,2288904,90815,2464,714,0
47.298372983932495,318897,2288708,2289672,2288904,90815,2464,714,0
47.316686153411865,318897,2288708,2289672,2288904,90815,2464,714,0
47.3353009223938,318897,2288708,2289672,2288904,90815,2464,714,0
47.35387396812439,318897,2288708,2289672,2288904,90815,2464,714,0
47.37214708328247,318897,2288708,2289672,2288904,90815,2464,714,0
47.39041709899902,318897,2288708,2289672,2288904,90815,2464,714,0
47.408605098724365,318897,2288708,2289672,2288904,90815,2464,714,0
47.426831007003784,318897,2288708,2289672,2288904,90815,2464,714,0
47.44528913497925,318897,2288708,2289672,2288904,90815,2464,714,0
47.46361494064331,318897,2288708,2289672,2288904,90815,2464,714,0
47.481709003448486,318897,2288708,2289672,2288904,90815,2464,714,0
47.500324010849,318897,2288708,2289672,2288904,90815,2464,714,0
47.51859402656555,318897,2288708,2289672,2288904,90815,2464,714,0
47.536844968795776,318897,2288708,2289672,2288904,90815,2464,714,0
47.55531096458435,318897,2288708,2289672,2288904,90815,2464,714,0
47.57331395149231,318897,2288708,2289672,2288904,90815,2464,714,0
47.59128499031067,318897,2288708,2289672,2288904,90815,2464,714,0
47.60928010940552,318897,2288708,2289672,2288904,90815,2464,714,0
47.627496004104614,318897,2288708,2289672,2288904,90815,2464,714,0
47.64597511291504,318897,2288716,2289672,2288912,90815,2466,714,0
47.66422915458679,318897,2288716,2289672,2288912,90815,2466,714,0
47.68241596221924,318897,2288768,2289672,2288964,90815,2471,714,0
47.70097804069519,318897,2289872,2290680,2290068,90833,2516,714,0
47.719221115112305,318897,2289872,2290680,2290068,90833,2516,714,0
47.73666000366211,318897,2289872,2290680,2290068,90833,2516,714,0
47.75434494018555,318897,2289872,2290680,2290068,90833,2516,714,0
47.77174210548401,318897,2289872,2290680,2290068,90833,2516,714,0
47.7891161441803,318897,2289872,2290680,2290068,90833,2516,714,0
47.80645298957825,318897,2289872,2290680,2290068,90833,2516,714,0
47.82386302947998,318897,2289872,2290680,2290068,90833,2516,714,0
47.8411431312561,318897,2289872,2290680,2290068,90833,2516,714,0
47.85869812965393,318897,2289872,2290680,2290068,90833,2516,714,0
47.876012086868286,318897,2289872,2290680,2290068,90833,2516,714,0
47.89332103729248,318897,2289872,2290680,2290068,90833,2516,714,0
47.91112303733826,318897,2289872,2290680,2290068,90833,2516,714,0
47.92851996421814,318897,2289872,2290680,2290068,90833,2516,714,0
47.94595193862915,318897,2289872,2290680,2290068,90833,2516,714,0
47.96341395378113,318897,2289872,2290680,2290068,90833,2516,714,0
47.98084902763367,318897,2289872,2290680,2290068,90833,2516,714,0
47.998517990112305,318897,2289872,2290680,2290068,90833,2516,714,0
48.01598811149597,318897,2289872,2290680,2290068,90833,2516,714,0
48.03331995010376,318897,2289872,2290680,2290068,90833,2516,714,0
48.05072593688965,318897,2289872,2290680,2290068,90833,2516,714,0
48.06810402870178,318897,2289872,2290680,2290068,90833,2516,714,0
48.08558201789856,318897,2289872,2290680,2290068,90833,2516,714,0
48.10312294960022,318897,2289968,2290680,2290116,90833,2516,714,0
48.121098041534424,318897,2289872,2290680,2290068,90833,2516,714,0
48.140219926834106,318897,2289872,2290680,2290068,90833,2516,714,0
48.15766096115112,318897,2289872,2290680,2290068,90833,2516,714,0
48.17607593536377,318897,2289872,2290680,2290068,90833,2516,714,0
48.194605112075806,318897,2289872,2290680,2290068,90833,2516,714,0
48.21356701850891,318897,2289872,2290680,2290068,90833,2516,714,0
48.23300504684448,318897,2289872,2290680,2290068,90833,2516,714,0
48.25260901451111,318897,2289872,2290680,2290068,90833,2516,714,0
48.2728009223938,318897,2289872,2290680,2290068,90833,2516,714,0
48.29336714744568,318897,2289872,2290680,2290068,90833,2516,714,0
48.31429696083069,318897,2289872,2290680,2290068,90833,2516,714,0
48.335421085357666,318897,2289872,2290680,2290068,90833,2516,714,0
48.356985092163086,318897,2289872,2290680,2290068,90833,2516,714,0
48.37939214706421,318897,2289872,2290680,2290068,90833,2516,714,0
48.40180492401123,318897,2289872,2290680,2290068,90833,2516,714,0
48.42442011833191,318897,2289872,2290680,2290068,90833,2516,714,0
48.44715094566345,318897,2289872,2290680,2290068,90833,2516,714,0
48.470704078674316,318897,2289872,2290680,2290068,90833,2516,714,0
48.494544982910156,318897,2289872,2290680,2290068,90833,2516,714,0
48.51893401145935,318897,2289872,2290680,2290068,90833,2516,714,0
48.54342198371887,318897,2289872,2290680,2290068,90833,2516,714,0
48.56833004951477,318897,2289872,2290680,2290068,90833,2516,714,0
48.59411597251892,318897,2289872,2290680,2290068,90833,2516,714,0
48.61974501609802,318897,2289872,2290680,2290068,90833,2516,714,0
48.646003007888794,318897,2289872,2290680,2290068,90833,2516,714,0
48.67258906364441,318897,2289872,2290680,2290068,90833,2516,714,0
48.69961094856262,318897,2289872,2290680,2290068,90833,2516,714,0
48.72704100608826,318897,2289872,2290680,2290068,90833,2516,714,0
48.754817962646484,318897,2289872,2290680,2290068,90833,2516,714,0
48.78333115577698,318897,2289872,2290680,2290068,90833,2516,714,0
48.812138080596924,318897,2289872,2290680,2290068,90833,2516,714,0
48.841171979904175,318897,2289872,2290680,2290068,90833,2516,714,0
48.87057399749756,318897,2289872,2290680,2290068,90833,2516,714,0
48.900408029556274,318897,2289872,2290680,2290068,90833,2516,714,0
48.93058109283447,318897,2289872,2290680,2290068,90833,2516,714,0
48.961185932159424,318897,2289872,2290680,2290068,90833,2516,714,0
48.9925971031189,318897,2289872,2290680,2290068,90833,2516,714,0
49.0242600440979,318897,2289872,2290680,2290068,90833,2516,714,0
49.05600309371948,318897,2289872,2290680,2290068,90833,2516,714,0
49.088330030441284,318897,2289872,2290680,2290068,90833,2516,714,0
49.12096405029297,318897,1884368,1885268,1884564,90833,2516,705,0
49.15421009063721,318897,1884368,1885268,1884564,90833,2516,705,0
49.18692994117737,318897,1884368,1885268,1884564,90833,2516,705,0
49.22063112258911,318897,1884368,1885268,1884564,90833,2516,705,0
49.25399899482727,318897,1884368,1885268,1884564,90833,2516,705,0
49.28786611557007,318897,1884368,1885268,1884564,90833,2516,705,0
49.32212495803833,318897,1884368,1885268,1884564,90833,2516,705,0
49.357012033462524,318897,1884368,1885268,1884564,90833,2516,705,0
49.39207196235657,318897,1884368,1885268,1884564,90833,2516,705,0
49.42820715904236,318897,1884368,1885268,1884564,90833,2516,705,0
49.464303970336914,318897,1884368,1885268,1884564,90833,2516,705,0
49.50089502334595,318897,1884368,1885268,1884564,90833,2516,705,0
49.53790807723999,318897,1884368,1885268,1884564,90833,2516,705,0
49.57521295547485,318897,1884368,1885268,1884564,90833,2516,705,0
49.612982988357544,318897,1884368,1885268,1884564,90833,2516,705,0
49.65089297294617,318897,1884368,1885268,1884564,90833,2516,705,0
49.689677000045776,318897,1884368,1885268,1884564,90833,2516,705,0
49.72883915901184,318897,1884368,1885268,1884564,90833,2516,705,0
49.768568992614746,318897,1884368,1885268,1884564,90833,2516,705,0
49.80882501602173,318897,1884368,1885268,1884564,90833,2516,705,0
49.85043215751648,318897,1884368,1885268,1884564,90833,2516,705,0
49.891310930252075,318897,1884368,1885268,1884564,90833,2516,705,0
49.93320608139038,318897,1902800,1905748,1902996,90842,2516,706,0
49.97550892829895,318897,1915088,1915988,1915284,90848,2516,706,0
50.01753902435303,318897,1915088,1915988,1915284,90848,2516,706,0
50.06131315231323,318897,1915088,1915988,1915284,90848,2516,706,0
50.10499906539917,318897,1915088,1915988,1915284,90848,2516,706,0
50.148972034454346,318897,1915088,1915988,1915284,90848,2516,706,0
50.192821979522705,318897,1915088,1915988,1915284,90848,2516,706,0
50.238309144973755,318897,1915088,1915988,1915284,90848,2516,706,0
50.284125089645386,318897,1915088,1915988,1915284,90848,2516,706,0
50.3306040763855,318897,1915088,1915988,1915284,90848,2516,706,0
50.378618001937866,318897,1915088,1915988,1915284,90848,2516,706,0
50.426037073135376,318897,1915088,1915988,1915284,90848,2516,706,0
50.474653005599976,318897,1915088,1915988,1915284,90848,2516,706,0
50.52330994606018,318897,1915088,1915988,1915284,90848,2516,706,0
50.572319984436035,318897,1915088,1915988,1915284,90848,2516,706,0
50.62215209007263,318897,1915088,1915988,1915284,90848,2516,706,0
50.67327809333801,318897,1915088,1915988,1915284,90848,2516,706,0
50.7242751121521,318897,1915088,1915988,1915284,90848,2516,706,0
50.77599096298218,318897,1915088,1915988,1915284,90848,2516,706,0
50.82837200164795,318897,1915088,1915988,1915284,90848,2516,706,0
50.880561113357544,318897,1915088,1915988,1915284,90848,2516,706,0
50.9331259727478,318897,1915088,1915988,1915284,90848,2516,706,0
50.98737812042236,318897,1915088,1915988,1915284,90848,2516,706,0
51.042267084121704,318897,1915088,1915988,1915284,90848,2516,706,0
51.09816098213196,318897,1915088,1915988,1915284,90848,2516,706,0
51.15317511558533,318897,1915088,1850452,1915284,90848,2516,704,0
51.210309982299805,318897,1636560,1637460,1636756,90848,2516,700,0
51.26743292808533,318897,1638608,1639508,1638804,90848,2516,700,0
51.32601594924927,318897,1667280,1670228,1667476,90863,2516,701,0
51.38483810424805,318897,1698000,1698900,1698196,90878,2516,702,0
51.44314908981323,318897,1728720,1729620,1728916,90892,2516,702,0
51.50364899635315,318897,1759440,1760340,1759636,90908,2516,703,0
51.56445598602295,318897,1792208,1793108,1792404,90923,2516,704,0
51.62604808807373,318897,1822928,1823828,1823124,90938,2516,704,0
51.6883499622345,318897,1855696,1856596,1855892,90954,2516,705,0
51.75246500968933,318897,1884540,1885440,1884736,91004,2524,705,0
51.81619310379028,318897,1917308,1918208,1917504,91019,2524,706,0
51.8808319568634,318897,1950076,1950976,1950272,91035,2524,706,0
51.944841146469116,318897,1982844,1985792,1983040,91052,2524,708,0
52.01105499267578,318897,2017660,2018560,2017856,91068,2524,708,0
52.07863807678223,318897,2052476,2053376,2052672,91086,2524,709,0
52.14718508720398,318897,2087292,2088192,2087488,91103,2524,710,0
52.21585011482239,318897,2124156,2125056,2124352,91120,2524,710,0
52.28558707237244,318897,2158972,2159872,2159168,91138,2524,711,0
52.356229066848755,318897,2195836,2196736,2196032,91155,2524,712,0
52.42768406867981,318897,2232700,2233600,2232896,91173,2524,712,0
52.498810052871704,318897,2269564,2270464,2269760,91192,2524,713,0
52.57220506668091,318897,2308476,2309376,2308672,91210,2524,714,0
52.6462299823761,318897,2345344,2346244,2345540,91228,2525,715,0
52.71882915496826,318897,2384256,2385156,2384452,91247,2525,716,0
52.79540801048279,318897,2421120,2424068,2421316,91266,2525,716,0
52.87089514732361,318897,2462080,2462980,2462276,91285,2525,717,0
52.94865703582764,318897,2500992,2501892,2501188,91304,2525,718,0
53.02583312988281,318897,2541952,2542852,2542148,91324,2525,719,0
53.10514211654663,318897,2582912,2583812,2583108,91344,2525,720,0
53.185791969299316,318897,2623872,2624772,2624068,91365,2525,720,0
53.26769208908081,318897,2607488,2608388,2607684,91365,2525,720,0
53.35121202468872,318897,2607488,2608388,2607684,91365,2525,720,0
53.43775010108948,318897,2607488,2608388,2607684,91365,2525,720,0
53.52503800392151,318897,2607488,2608388,2607684,91365,2525,720,0
53.61335611343384,318897,2607488,2608388,2607684,91365,2525,720,0
53.70231008529663,318897,2607488,2608388,2607684,91365,2525,720,0
53.79282999038696,318897,2607488,2608388,2607684,91365,2525,720,0
53.88466715812683,318897,2607488,2608388,2607684,91365,2525,720,0
53.977153062820435,318897,2607488,2608388,2607684,91365,2525,720,0
54.07120895385742,318897,2607488,2608388,2607684,91365,2525,720,0
54.165677070617676,318897,2607488,2608388,2607684,91365,2525,720,0
54.261407136917114,318897,2607488,2608388,2607684,91365,2525,720,0
54.35875415802002,318897,2607488,2608388,2607684,91365,2525,720,0
54.45758605003357,318897,2607488,2608388,2607684,91365,2525,720,0
54.55734205245972,318897,2607488,2608388,2607684,91365,2525,720,0
54.660083055496216,318897,2606340,2606852,2606536,91365,2525,720,0
54.76952409744263,318897,2601036,2601860,2601232,91365,2525,720,0
54.882389068603516,318897,2601036,2601860,2601232,91365,2525,720,0
54.99252104759216,318897,2601036,2601860,2601232,91365,2525,720,0
55.105260133743286,318897,2601036,2601860,2601232,91365,2525,720,0
55.214431047439575,318897,2601036,2601860,2601232,91365,2525,720,0
55.2313871383667,318897,2601036,2601860,2601232,91365,2525,720,0
55.24838304519653,318897,2601036,2601860,2601232,91365,2525,720,0
55.26534700393677,318897,2222160,2222984,2222356,91365,2526,712,0
55.28216099739075,318897,2222160,2222984,2222356,91365,2526,712,0
55.29957103729248,318897,2222160,2222984,2222356,91365,2526,712,0
55.31703805923462,318897,2222260,2223112,2222456,91365,2551,712,0
55.33435797691345,318897,2222372,2223112,2222568,91366,2578,712,0
55.35132908821106,318897,2222420,2223240,2222616,91366,2590,712,0
55.369174003601074,318897,2222464,2223240,2222660,91367,2600,712,0
55.38624811172485,318897,2222500,2223240,2222696,91368,2608,712,0
55.40332007408142,318897,2222532,2223240,2222728,91368,2616,712,0
55.4204740524292,318897,2222580,2223368,2222776,91372,2623,712,0
55.43777394294739,318897,2222600,2223368,2222796,91372,2629,712,0
55.45507502555847,318897,2222600,2223368,2222796,91372,2629,712,0
55.472161054611206,318897,2222600,2223368,2222796,91372,2629,712,0
55.48917007446289,318897,2222600,2223368,2222796,91372,2629,712,0
55.50614404678345,318897,2222600,2223368,2222796,91372,2629,712,0
55.52436804771423,318897,2222600,2223368,2222796,91372,2629,712,0
55.542580127716064,318897,2222600,2223368,2222796,91372,2629,712,0
55.56011199951172,318897,2222600,2223368,2222796,91372,2629,712,0
55.57781505584717,318897,2222600,2223368,2222796,91372,2629,712,0
55.59539008140564,318897,2222600,2223368,2222796,91372,2629,712,0
55.612977027893066,318897,2222600,2223368,2222796,91372,2629,712,0
55.63095712661743,318897,2222600,2223368,2222796,91372,2629,712,0
55.64911103248596,318897,2222600,2223368,2222796,91372,2629,712,0
55.66701412200928,318897,2222600,2223368,2222796,91372,2629,712,0
55.68456196784973,318897,2222628,2223368,2222824,91373,2635,712,0
55.702290058135986,318897,2222628,2223368,2222824,91373,2635,712,0
55.719526052474976,318897,2222628,2223368,2222824,91373,2635,712,0
55.73653197288513,318897,2222628,2223368,2222824,91373,2635,712,0
55.753618001937866,318897,2222632,2223368,2222828,91373,2636,712,0
55.772361040115356,318897,2222640,2223368,2222836,91373,2638,712,0
55.791110038757324,318897,2222640,2223368,2222836,91373,2638,712,0
55.809858083724976,318897,2222660,2223368,2222856,91373,2641,712,0
55.82924795150757,318897,2222672,2223496,2222868,91374,2645,712,0
55.84850311279297,318897,2222680,2223496,2222876,91374,2647,712,0
55.86775493621826,318897,2222696,2223496,2222892,91374,2651,712,0
55.88716411590576,318897,2222940,2223752,2223136,91399,2687,712,0
55.9061119556427,318897,2223068,2223880,2223264,91413,2699,712,0
55.92463707923889,318897,2223408,2224136,2223604,91452,2728,712,0
55.94280695915222,318897,2223516,2224264,2223712,91477,2752,712,0
55.96142101287842,318897,2223564,2224264,2223760,91478,2764,712,0
55.98038601875305,318897,2223604,2224392,2223800,91484,2768,712,0
56.00107002258301,318897,2224140,2225160,2224336,91583,2799,712,0
56.020102977752686,318897,2224788,2225544,2224984,91701,2847,712,0
56.037795066833496,318897,2225392,2226184,2225588,91821,2877,712,0
56.05604410171509,318897,2226128,2227208,2226324,91952,2918,712,0
56.07405495643616,318897,2226896,2227720,2227092,92121,2953,712,0
56.09280204772949,318897,2227308,2228236,2227504,92164,2977,712,0
56.111552000045776,318897,2227716,2228492,2227864,92183,3035,712,0
56.130106925964355,318897,2227816,2228492,2228012,92222,3046,712,0
56.14738893508911,318897,2227816,2228492,2228012,92222,3046,712,0
56.164560079574585,318897,2227816,2228492,2228012,92222,3046,712,0
56.182076930999756,318897,2227816,2228492,2228012,92222,3046,712,0
56.19998002052307,318897,2227816,2228492,2228012,92222,3046,712,0
56.21819305419922,318897,2227816,2228492,2228012,92222,3046,712,0
56.23728609085083,318897,2227816,2228492,2228012,92222,3046,712,0
56.25709414482117,318897,2227816,2228492,2228012,92222,3046,712,0
56.27758598327637,318897,2227816,2228492,2228012,92222,3046,712,0
56.297964096069336,318897,2227816,2228492,2228012,92222,3046,712,0
56.31866192817688,318897,2227816,2228492,2228012,92222,3046,712,0
56.33976101875305,318897,2227816,2228492,2228012,92222,3046,712,0
56.36134195327759,318897,2227816,2228492,2228012,92222,3046,712,0
56.383142948150635,318897,2227816,2228492,2228012,92222,3046,712,0
56.40536594390869,318897,2227816,2228492,2228012,92222,3046,712,0
56.42805600166321,318897,2227816,2228492,2228012,92222,3046,712,0
56.4506721496582,318897,2227816,2228492,2228012,92222,3046,712,0
56.47461009025574,318897,2227816,2228492,2228012,92222,3046,712,0
56.49883198738098,318897,2228048,2228748,2228244,92246,3080,712,0
56.522401094436646,318897,2228056,2228748,2228252,92246,3082,712,0
56.54741406440735,318897,2230680,2231424,2230876,92354,3237,712,0
56.57507109642029,318897,2232532,2233396,2232728,92379,3295,712,0
56.60489106178284,318897,2234748,2235488,2234944,92419,3365,712,0
56.63353395462036,318897,2236688,2237356,2236884,92451,3473,712,0
56.66728115081787,318897,2240096,2240936,2240292,92722,3588,712,0
56.69798493385315,318897,2243864,2244820,2244060,92799,3665,712,0
56.728399991989136,318897,2247092,2247920,2247288,92860,3782,712,0
56.75664401054382,318897,0,0,0,92870,3802,0,0
56.78030300140381,318897,0,0,0,92870,3802,0,0
56.805325984954834,318897,0,0,0,92870,3802,0,0
